{
  "name": "Remy Love Mod",
  "version": "1.0.0",
  "styleFileList": [],
  "scriptFileList": [
    "game/03-JavaScript/func.js",
    "dataExport.js",
    "patch-setup_feats.js",
    "game/04-Variables/feats.js"
  ],
  "tweeFileList": [
    "game/overworld-plains/loc-livestock/remymod gift to horse.twee",
    "game/overworld-plains/loc-livestock/remymod apple.twee",
    "game/overworld-plains/loc-livestock/remymod pregnancy.twee",
    "game/overworld-town/loc-school/remymod canteen poster.twee",
    "game/overworld-town/special-nightmares/remymod nightmare.twee",
    "game/overworld-plains/loc-livestock/remymod lust job.twee",
    "game/overworld-plains/loc-riding/remymod Riding School night event.twee",
    "game/overworld-plains/loc-livestock/remymod cell masturbation.twee",
    "game/overworld-plains/loc-livestock/remymod gift.twee",
    "game/overworld-town/loc-home/remymod return live stock.twee",
    "game/overworld-town/loc-school/remymod hallway recognition.twee",
    "game/overworld-plains/loc-livestock/remymod morning.twee",
    "game/overworld-plains/loc-livestock/remymod jobs.twee",
    "game/overworld-plains/loc-livestock/remymod milk extra.twee",
    "game/overworld-plains/loc-riding/remymod riding.twee"
  ],
  "imgFileList": [
    "img/clothes/default/head/remymod_Cow hairpins/full.png",
    "img/misc/icon/clothes/remymod_Cow hairpins.png",
    "img/clothes/paril/head/remymod_Cow hairpins/full.png",
    "img/clothes/default/head/remymod_garland/full.png",
    "img/clothes/paril/head/remymod_garland/full.png",
    "img/misc/icon/clothes/remymod_garland.png"
  ],
  "scriptFileList_preload": [
    "dataExport.js"
  ],
  "additionFile": [
    "img/addon-clothes/clothes_head.json",
    "game/04-Variables/addon-replace/feats-setup.txt",
    "game/base-combat/addon-replace/actionsText-Widgets Actions Text-loveInterest.txt",
    "game/base-combat/addon-replace/effects-ask noCondoms.txt",
    "game/base-combat/addon-replace/actions-text_plead.txt",
    "game/base-combat/addon-replace/actions-text_demand.txt",
    "game/base-combat/addon-replace/speech-Widgets Speech-speechnamedrop.txt",
    "game/base-combat/addon-replace/speech-Widget nameComments-Alex.txt",
    "game/base-combat/addon-replace/speech-Widget nameComments-Bailey.txt",
    "game/base-combat/addon-replace/speech-Widget nameComments-remy.txt",
    "game/base-combat/addon-replace/stalk-Widgets Stalk-attack case Remy.txt",
    "game/base-combat/addon-replace/stalk-Widgets Stalk-run_text.txt",
    "game/base-combat/addon-replace/stalk-Widgets Stalk-threat case Remy.txt",
    "game/base-combat/addon-replace/widgets-Widgets Combat-takeKissVirgin.txt",
    "game/base-system/addon-replace/attitudes-Widgets Attitudes-loveInterest.txt",
    "game/base-system/addon-replace/bodywriting-objects-Widgets Bodywriting Objects-bodywriting.txt",
    "game/base-system/addon-replace/named-npcs-Widgets Named Npcs-relationship.txt",
    "game/base-system/addon-replace/social-Social-Remy.txt",
    "game/base-system/addon-replace/text-Widgets Text-pass_time.txt",
    "game/base-system/addon-replace/traits-Traits-syndrome.txt",
    "game/base-system/addon-replace/widgets-Widgets-NPCRemy.txt",
    "game/overworld-plains/addon-replace/field-Livestock Field-obey.txt",
    "game/overworld-plains/addon-replace/field-Livestock Feild horse-food.txt",
    "game/overworld-plains/addon-replace/field-Livestock Feild horse-food2.txt",
    "game/overworld-plains/addon-replace/field-Livestock Field-hour12.txt",
    "game/overworld-plains/addon-replace/field-Livestock Field-pregnancy.txt",
    "game/overworld-plains/addon-replace/intro-Livestock Return.txt",
    "game/overworld-plains/addon-replace/intro-Livestock Return-eden.txt",
    "game/overworld-plains/addon-replace/jobs-Livestock Job End-obey.txt",
    "game/overworld-plains/addon-replace/jobs-Livestock Job-Niki.txt",
    "game/overworld-plains/addon-replace/main-Livestock Cell-sleep.txt",
    "game/overworld-plains/addon-replace/main-Livestock Cell-gift.txt",
    "game/overworld-plains/addon-replace/main-Livestock Sleep-danger.txt",
    "game/overworld-plains/addon-replace/main-Livestock Sleep-sleep.txt",
    "game/overworld-plains/addon-replace/main-Livestock Lactate-start.txt",
    "game/overworld-plains/addon-replace/main-Riding School Lesson-endIf.txt",
    "game/overworld-plains/addon-replace/main-Riding School Lesson-special.txt",
    "game/overworld-plains/addon-replace/main-Riding School-intro.txt",
    "game/overworld-plains/addon-replace/main-Riding School-leave.txt",
    "game/overworld-plains/addon-replace/main-Riding School-seen.txt",
    "game/overworld-plains/addon-replace/widgets-Widgets Livestock-addInLineEvent.txt",
    "game/overworld-plains/addon-replace/widgets-Widgets Livestock-HaiBao.txt",
    "game/overworld-town/addon-replace/locHome-eventWidgets.txt",
    "game/overworld-town/addon-replace/locSchool-canteen-endIf.txt",
    "game/overworld-town/addon-replace/locSchool-canteen-poster.txt",
    "game/overworld-town/addon-replace/locSchool-hallways-recognition.txt",
    "game/overworld-town/addon-replace/skul-shops-main-endif.txt",
    "game/overworld-town/addon-replace/skul-shops-main-start.txt",
    "game/overworld-town/addon-replace/special-nightmares-main-nightmare test.txt",
    "game/overworld-town/addon-replace/special-nightmares-main-nightmares.txt",
    "game/overworld-town/addon-replace/specialRobin-lemonade-Robins Lemonade Help.txt"
  ],
  "addonPlugin": [
    {
      "modName": "TweeReplacer",
      "addonName": "TweeReplacerAddon",
      "modVersion": "1.0.0",
      "params": [
        {
          "passage": "Widgets Stalk",
          "findString": "\t\t\t<<rainWraith true>>",
          "replaceFile": "game/base-combat/addon-replace/stalk-Widgets Stalk-attack case Remy.txt"
        },
        {
          "passage": "Widgets Stalk",
          "findString": "\t\t\t<<trauma 2>><<stress 4>><<gtrauma>><<gstress>>",
          "replaceFile": "game/base-combat/addon-replace/stalk-Widgets Stalk-threat case Remy.txt"
        },
        {
          "passage": "Widgets Stalk",
          "findString": "\t\t<<case park>>",
          "replaceFile": "game/base-combat/addon-replace/stalk-Widgets Stalk-run_text.txt"
        },
        {
          "passage": "Widgets Actions Text",
          "findString": "\t\t\t\t\"你是我唯一需要的人，凯拉尔。\"",
          "replaceFile": "game/base-combat/addon-replace/actionsText-Widgets Actions Text-loveInterest.txt"
        },
        {
          "passage": "Widgets Speech",
          "findString": "<<elseif random(1,10) is 10 and $NPCList[_n].penis isnot \"chest\" and $NPCList[_n].location.genitals isnot \"head\" and $mouthstate is 0 and !$worn.face.type.includes(\"covered\") and !$worn.face.type.includes(\"gag\")>>",
          "replaceFile": "game/base-combat/addon-replace/speech-Widgets Speech-speechnamedrop.txt"
        },
        {
          "passage": "Widgets Combat",
          "findString": "\t\t<<case \"Robin\">>      <<set $_isLoveInterest to ($robinromance is 1)>>",
          "replaceFile": "game/base-combat/addon-replace/widgets-Widgets Combat-takeKissVirgin.txt"
        },
        {
          "passage": "Social",
          "findString": "\t\t\t\tT.npcConfig = {",
          "replaceFile": "game/base-system/addon-replace/social-Social-Remy.txt"
        },
        {
          "passage": "Social",
          "findString": "\t\t\t\tT.importantNpcOrder = [\"Robin\", \"Whitney\", \"Eden\", \"Kylar\", \"Sydney\", \"Avery\", \"Great Hawk\", \"Black Wolf\", \"Alex\"];",
          "replace": "T.importantNpcOrder = [\"Robin\", \"Whitney\", \"Eden\", \"Kylar\", \"Sydney\", \"Avery\", \"Great Hawk\", \"Black Wolf\", \"Alex\", \"Remy\"];"
        },
        {
          "passage": "Traits",
          "findString": "\t\t\ttitle: \"NPC特质\",\n\t\t\ttraits: [",
          "replaceFile": "game/base-system/addon-replace/traits-Traits-syndrome.txt"
        },
        {
          "passage": "Widgets Attitudes",
          "findString": "\t<<set _npc = [\"None\",\"Robin\",\"Whitney\",\"Kylar\",\"Sydney\",\"Eden\",\"Avery\",\"Black Wolf\",\"Great Hawk\",\"Alex\"]>>",
          "replace": "\t<<set _npc = [\"None\",\"Robin\",\"Whitney\",\"Kylar\",\"Sydney\",\"Eden\",\"Avery\",\"Black Wolf\",\"Great Hawk\",\"Alex\",\"Remy\"]>>"
        },
        {
          "passage": "Widgets Attitudes",
          "findString": "\t<<set _potentialLoveInterests = [\"None\"]>>",
          "replaceFile": "game/base-system/addon-replace/attitudes-Widgets Attitudes-loveInterest.txt"
        },
        {
          "passage": "Widgets Bodywriting Objects",
          "findString": "\t}>>\n\t<<set setup.bodywriting_namebyindex to []>>",
          "replaceFile": "game/base-system/addon-replace/bodywriting-objects-Widgets Bodywriting Objects-bodywriting.txt"
        },
        {
          "passage": "Widgets Named Npcs",
          "findString": "\t\t<!-- Default cases for all other NNPCs -->",
          "replaceFile": "game/base-system/addon-replace/named-npcs-Widgets Named Npcs-relationship.txt"
        },
        {
          "passage": "Widgets Text",
          "findString": "<<widget \"lcorruption\">>",
          "replaceFile": "game/base-system/addon-replace/text-Widgets Text-pass_time.txt"
        },
        {
          "passage": "Widgets",
          "findString": "\t<<set _i to $NPCNameList.indexOf(\"Remy\")>>\n\t<<set $NPCName[_i].love = Math.clamp($NPCName[_i].love, -100, 100)>>\n\t<<set $NPCName[_i].dom = Math.clamp($NPCName[_i].dom, -50, 50)>>",
          "replaceFile": "game/base-system/addon-replace/widgets-Widgets-NPCRemy.txt"
        },
        {
          "passage": "Livestock Field Horse",
          "findString": "\t\t\t\t<<link [[给一篮苹果|Livestock Field Centaur Apples]]>><<trauma -18>><<unset $livestock_food>><</link>><<lltrauma>>\n\t\t\t\t<br>\n\t\t\t<</if>>",
          "replaceFile": "game/overworld-plains/addon-replace/field-Livestock Feild horse-food.txt"
        },
        {
          "passage": "Livestock Field Horse",
          "findString": "\t\t\t\t<<link [[献上一篮子苹果|Livestock Field Horse Apples]]>><<trauma -18>><<unset $livestock_food>><</link>><<lltrauma>>\n\t\t\t\t<br>\n\t\t\t<</if>>",
          "replaceFile": "game/overworld-plains/addon-replace/field-Livestock Feild horse-food2.txt"
        },
        {
          "passage": "Livestock Field",
          "findString": "<<livestock_obey_description>>",
          "replaceFile": "game/overworld-plains/addon-replace/field-Livestock Field-hour12.txt"
        },
        {
          "passage": "Livestock Field",
          "findString": "\t<<if $livestock_obey gte 30>>",
          "replaceFile": "game/overworld-plains/addon-replace/field-Livestock Field-obey.txt"
        },
        {
          "passage": "Livestock Field",
          "findString": "\t<<pregnancyWatersBrokenPassout \"remy\">>",
          "replaceFile": "game/overworld-plains/addon-replace/field-Livestock Field-pregnancy.txt"
        },
        {
          "passage": "Livestock Return",
          "findString": "<<effects>>",
          "replaceFile": "game/overworld-plains/addon-replace/intro-Livestock Return.txt"
        },
        {
          "passage": "Livestock Return",
          "findString": "\"我不太感激你被人从我们身边带走，生下那个孩子。但你没有多少选择的余地。\"\n<<else>>",
          "replaceFile": "game/overworld-plains/addon-replace/intro-Livestock Return-eden.txt"
        },
        {
          "passage": "Livestock Job",
          "findString": "\t<<elseif $livestock_pig is 1>>",
          "replaceFile": "game/overworld-plains/addon-replace/jobs-Livestock Job-Niki.txt"
        },
        {
          "passage": "Livestock Job End",
          "findString": "<<elseif $livestock_obey gte 51>>",
          "replace": "<<elseif $livestock_obey gte 71>>\n<<set $syndromeremybuild += 1>>"
        },
        {
          "passage": "Livestock Job End",
          "findString": "<<elseif $livestock_obey gte 21>>",
          "replaceFile": "game/overworld-plains/addon-replace/jobs-Livestock Job End-obey.txt"
        },
        {
          "passage": "Livestock Cell",
          "findString": "\t<<link [[睡到天亮|Livestock Sleep]]>><<incrementautosave>><<set $phase to 0>><</link>><<ltiredness>>",
          "replaceFile": "game/overworld-plains/addon-replace/main-Livestock Cell-sleep.txt"
        },
        {
          "passage": "Livestock Sleep",
          "findString": "<<if $danger gte (9900 - $allure)>>",
          "replaceFile": "game/overworld-plains/addon-replace/main-Livestock Sleep-danger.txt"
        },
        {
          "passage": "Livestock Eden Escape",
          "findString": "<<livestockescape>>",
          "replace": "<<livestockescape>><<set $livestockEscape to \"eden\">><!-- RemyMod -->"
        },
        {
          "passage": "Livestock Escape Centaur",
          "findString": "<<pass 60>>",
          "replace": "<<pass 60>><<set $livestockEscape to \"Centaur\">><!-- RemyMod -->"
        },
        {
          "passage": "Livestock Escape Horse",
          "findString": "<<pass 60>>",
          "replace": "<<pass 60>><<set $livestockEscape to \"Horse\">><!-- RemyMod -->"
        },
        {
          "passage": "Widgets Livestock",
          "findString": "\t<<if playerBellyVisible() and $pregnancyspeechdisable is \"f\">>",
          "replaceFile": "game/overworld-plains/addon-replace/widgets-Widgets Livestock-addInLineEvent.txt"
        },
        {
          "passage": "Widgets Livestock",
          "findString": "\t<<runeventpool>>",
          "replaceFile": "game/overworld-plains/addon-replace/widgets-Widgets Livestock-HaiBao.txt"
        },
        {
          "passage": "Riding School",
          "findString": "\t\t<<if $remy_seen is \"livestock\">>\n\t\t\t<<npc Remy>><<person1>>一匹马小跑向你，上面坐着雷米，<<if $pronoun is \"m\">><<his>>淡棕色的头发在微风中飘舞<<else>><<his>>淡棕色的头发被扎成一个整齐的发髻<</if>>。你感到很紧张，回忆起在<<his>>的农场受到的待遇。然而，这一次<<his>>的眼中没有盛气凌人的恶意，甚至可以说没有认出你。\n\t\t\t<br><br>",
          "replaceFile": "game/overworld-plains/addon-replace/main-Riding School-intro.txt"
        },
        {
          "passage": "Riding School",
          "findString": "\t<<elseif $remy_seen is \"livestock\">>\n\t\t<<npc Remy>><<person1>>一匹马小跑向你，上面坐着雷米，<<if $pronoun is \"m\">><<his>>淡棕色的头发在微风中飘舞<<else>><<his>>淡棕色的头发被扎成一个整齐的发髻<</if>>。你感到很紧张，回忆起在<<his>>的农场受到的待遇。然而，这一次<<his>>的眼中没有盛气凌人的恶意，甚至可以说没有认出你。\n\t\t<br><br>",
          "replaceFile": "game/overworld-plains/addon-replace/main-Riding School-seen.txt"
        },
        {
          "passage": "Riding School",
          "findString": "\t\t<<link [[离开|Farmland]]>><</link>>\n\t\t<br>",
          "replaceFile": "game/overworld-plains/addon-replace/main-Riding School-leave.txt"
        },
        {
          "passage": "Riding School Lesson",
          "findString": "<<if $riding_lesson gte 3>>",
          "replaceFile": "game/overworld-plains/addon-replace/main-Riding School Lesson-special.txt"
        },
        {
          "passage": "Riding School Lesson",
          "findString": "\t\t\t<<link [[无视|Riding School Lesson]]>><</link>>\n\t\t\t<br>",
          "replaceFile": "game/overworld-plains/addon-replace/main-Riding School Lesson-endIf.txt"
        },
        {
          "passage": "Robin's Lemonade Help",
          "findString": "\t\t<<if _robin.dom gte 60>>",
          "replaceFile": "game/overworld-town/addon-replace/specialRobin-lemonade-Robins Lemonade Help.txt"
        },
        {
          "passage": "Canteen",
          "findString": "<<if $exposed gte 1>>",
          "replaceFile": "game/overworld-town/addon-replace/locSchool-canteen-poster.txt"
        },
        {
          "passage": "Canteen",
          "findString": "\t\t<<getouticon>><<link [[离开食堂 (0:01)|Hallways]]>><<pass 1>><</link>>\n\t\t<br>\n\t<</if>>\n<</if>>",
          "replaceFile": "game/overworld-town/addon-replace/locSchool-canteen-endIf.txt"
        },
        {
          "passage": "Hallways",
          "findString": "<<else>>\n\t<<schoolperiod>>",
          "replaceFile": "game/overworld-town/addon-replace/locSchool-hallways-recognition.txt"
        },
        {
          "passage": "Riding School Register",
          "findString": "<<getouticon>><<link [[离开|Riding School]]>><</link>>\n<br>",
          "replaceFile": "game/overworld-town/addon-replace/skul-shops-main-endif.txt"
        },
        {
          "passage": "Riding School Register",
          "findString": "在马厩旁边有栋小办公楼，门紧锁着，那里一定是放钱的地方。",
          "replaceFile": "game/overworld-town/addon-replace/skul-shops-main-start.txt"
        },
        {
          "passage": "Widgets Home Events",
          "findString": "\t<<elseif $christmas is 1 and $christmas_event is undefined>>",
          "replaceFile": "game/overworld-town/addon-replace/locHome-eventWidgets.txt"
        },
        {
          "passage": "Rent Intro",
          "findString": "<<elseif $rentsale is 1>>",
          "replace": "<<set $selltoremy is 1>>/**remy mod */\n<<elseif $rentsale is 1>>"
        },
        {
          "passage": "Livestock Milking End",
          "findString": "<<if $livestock_milk is undefined>><<set $livestock_milk to 0>><</if>>",
          "replace": "<<if $livestock_milk_max is undefined>><<set $livestock_milk_max to 0>><</if>>\n<<if $livestock_milk is undefined>><<set $livestock_milk to 0>><</if>>"
        },
        {
          "passage": "Livestock Milking End",
          "findString": "<<gglove>>",
          "replace": "<<gglove>><<npcincr Remy lust 1>><<glust>><<set $livestock_milk_max += 1>>/***remy mod */"
        },
        {
          "passage": "Livestock Milking End",
          "findString": "<<glove>>",
          "replace": "<<glove>><<npcincr Remy lust 1>><<glust>><<set $livestock_milk_max += 1>>/***remy mod */"
        },
        {
          "passage": "Livestock Lactate",
          "findString": "<<if $breastfeedingdisable is \"f\">>",
          "replaceFile": "game/overworld-plains/addon-replace/main-Livestock Lactate-start.txt"
        },
        {
          "passage": "Nightmare Test",
          "findString": "<br><br>",
          "replaceFile": "game/overworld-town/addon-replace/special-nightmares-main-nightmare test.txt"
        },
        {
          "passage": "Widgets Nightmares",
          "findString": "\t\t<<if $_possibleNightmares.length gte 1>>",
          "replaceFile": "game/overworld-town/addon-replace/special-nightmares-main-nightmares.txt"
        },
        {
          "passage": "Livestock Cell",
          "findString": "<<if Time.hour gte 6 and Time.hour lt 18>>",
          "replaceFile": "game/overworld-plains/addon-replace/main-Livestock Cell-gift.txt"
        },
        {
          "passage": "Widgets Speech",
          "findString": "\t\t\t\t\t\t<<set $_text_output to $_stringsPre + `\"那个没用的小鬼救不了你。\"`>>",
          "replaceFile": "game/base-combat/addon-replace/speech-Widget nameComments-Bailey.txt"
        },
        {
          "passage": "Widgets Speech",
          "findString": "\t<<switch _args[0]>>",
          "replaceFile": "game/base-combat/addon-replace/speech-Widget nameComments-remy.txt"
        },
        {
          "passage": "Widgets Speech",
          "findString": "\t\t\t\t\t\t\t<<set $_text_output to `<<He>>怒视。\"你的脑子在荒原里被啄伤了吗?离那里远点。\"`>>",
          "replaceFile": "game/base-combat/addon-replace/speech-Widget nameComments-Alex.txt"
        },
        {
          "passage": "Livestock Sleep",
          "findString": "\t<<if $cow gte 6 or $wolfgirl gte 6 or $cat gte 6 or $fox gte 6>>",
          "replaceFile": "game/overworld-plains/addon-replace/main-Livestock Sleep-sleep.txt"
        },
        {
          "passage": "Livestock Lactate",
          "findString": "\t<</if>>\n<</if>>",
          "replace": "\t<</if>>\n<</if>>\n<</if>>"
        },
        {
          "passage": "Kylar Abduction Event End",
          "findString": "\t<<if isLoveInterest(\"Avery\")>>",
          "replace": "\t<<if isLoveInterest(\"Remy\")>>\n\t\t<<link [[说雷米会来救你|Kylar Abduction Event Response]]>><<stress -12>><<set $phase to \"Remy\">><</link>><<llstress>>\n\t\t<br>\n\t<</if>>\n\t<<if isLoveInterest(\"Avery\")>>"
        },
        {
          "passage": "Kylar Abduction Event Response",
          "findString": "\t\t<<case \"Robin\">>",
          "replace": "\t\t<<case \"Remy\">>\n\t\t\t\"雷米一定会找到我的！\"你威胁道，\"就连贝利都忌惮<<nnpc_he \"Remy\">>，你绑架我的事要是被知道了，<<nnpc_he \"Remy\">>一定不会让你好过！\"\n\t\t\t<br><br>\n\t\t\t\"雷米？你说的是谁……？\"\n\t\t<<case \"Robin\">>"
        },
        {
          "passage": "Widgets NPCs",
          "findString": "\t\t\t<<switch $NPCList[0].fullDescription>>",
          "replace": "\t\t\t<<switch $NPCList[0].fullDescription>>\n\t\t\t\t<<case \"Remy\">>\n\t\t\t\t\t<<set $speechsextoy to 1>>"
        },
        {
          "passage": "Widgets NPCs",
          "findString": "\t\t<<elseif $crossdressing is 2>> <!-- Herm PC -->\n\t\t\t<<if $npc.length is 1 and ([\"Kylar\",\"Sydney\"].includes($npc[0]))>>",
          "replace": "\t\t<<elseif $crossdressing is 2>> <!-- Herm PC -->\n\t\t\t<<if $npc.length is 1 and ([\"Kylar\",\"Sydney\",\"Remy\"].includes($npc[0]))>>"
        },
        {
          "passage": "Widgets NPCs",
          "findString": "\t\t\t\t\t<<npcincr Sydney purity -2>><<lspurity>><<set $speechhermaroused to 2>>",
          "replace": "\t\t\t\t\t<<npcincr Sydney purity -2>><<lspurity>><<set $speechhermaroused to 2>>\n/***remy mod */\n<<elseif $npc[0] is \"Remy\">>\n/**让雷米不再嫌弃你的生殖器 */\n<span class=\"purple\"><<He>>的手抚过你的<<genitals>>后，脸上露出了一个笑容。\"如果人类长成这样肯定会被叫做怪物，但是你是一头奶牛，你能给我们创造双倍的价值。\"</span>\n<<set $enemyarousal += 50>><<npcincr Remy dom 2>><<npcincr Remy love 1>><<glove>><<set $speechhermaroused to 2>>"
        },
        {
          "passage": "Widgets Effects Man",
          "findString": "\t\t\t\t\t\t\t<<case \"Robin\">>\n\t\t\t\t\t\t\t\t/*Default pregnancyAvoidance is 50. Will have a condom if NPC condoms are enabled.*/",
          "replace": "\t<<case \"Remy\">>\n<<switch $_speech>>\n<<case \"accept\">>\n<<He_Short>>瞥了你一眼，什么都没说，但是你想雷米可能是默许了。\n<<case \"acceptGive\">>\n<<He_Short>>瞥了你一眼，\"我凭什么要在乎一头动物的安全？除非你能给我一个。\"<<He_Short>>明显是抱着<span class=\"blue\">看笑话</span>的心态说的这些话。\n<<case \"acceptHas\">>\n<<case \"reject\">>\n<<He_Short>>掐住了你的喉咙，\"<span class=\"red\">别想命令我，认清你的位置!</span>\"\n<</switch>>\n\t\t\t\t\t\t\t<<case \"Robin\">>\n\t\t\t\t\t\t\t\t/*Default pregnancyAvoidance is 50. Will have a condom if NPC condoms are enabled.*/"
        },
        {
          "passage": "Pregnancy2",
          "findString": "\t\t\t\t<<default>><<set $NPCName[$NPCNameList.indexOf($_name)].pregnancyAvoidance to 100>>",
          "replace": "\t<<case \"Remy\">><<set $NPCName[$NPCNameList.indexOf($_name)].pregnancyAvoidance to 70>>\n\t\t\t\t<<default>><<set $NPCName[$NPCNameList.indexOf($_name)].pregnancyAvoidance to 100>>"
        },
        {
          "passage": "Eden Fence Rescue",
          "findString": "<<link [[抵抗|Livestock Eden Resist]]>><<set $daily.eden.farmRescue to 1>><<npcincr Eden love -10>><<livestock_obey 10>><</link>><<llove>><<gggobey>>",
          "replace": "<<link [[抵抗|Livestock Eden Resist]]>><<set $daily.eden.farmRescue to 1>><<set $syndromeremybuild += 1>><<npcincr Eden love -10>><<livestock_obey 10>><</link>><<llove>><<gggobey>><<if $syndromeremy is undefined>><<gstockholm>><</if>>"
        },
        {
          "passage": "Widgets Effects Man",
          "findString": "\t\t\t\t\t\t\t\t\t\t<<He_Short>>拒绝。\"<span class=\"red\">我们不能莽撞!</span>\"\n\t\t\t\t\t\t\t\t<</switch>>",
          "replaceFile": "game/base-combat/addon-replace/effects-ask noCondoms.txt"
        },
        {
          "passage": "Widgets Actions Text",
          "findString": "\t\t\t\t\t\t\t\"不……我要回到罗宾身边……\"\n\t\t\t\t\t\t<</if>>\n\t\t\t\t\t<</if>>",
          "replaceFile": "game/base-combat/addon-replace/actions-text_plead.txt"
        },
        {
          "passage": "Widgets Actions Text",
          "findString": "\t\t\t\t\t\t\t\"只有罗宾才能……让我有这种感觉！而不是你！\"\n\t\t\t\t\t\t<</if>>\n\t\t\t\t\t<</if>>",
          "replaceFile": "game/base-combat/addon-replace/actions-text_demand.txt"
        }
      ]
    },
    {
      "modName": "ReplacePatcher",
      "addonName": "ReplacePatcherAddon",
      "modVersion": "1.0.0",
      "params": {
        "js": [
          {
            "from": "\t// Alex",
            "to": "\t//Remy\n\tif (V.remysex >= 1) fragment.append(wikifier(\"npcincr\", \"Remy\", \"lust\", 1));\n\tif (V.syndromeremy >= 1) fragment.append(wikifier(\"livestock_obey\", 2));\n\t// Alex",
            "fileName": "time.js"
          }
        ]
      }
    },
    {
      "modName": "ModLoader DoL ImageLoaderHook",
      "addonName": "ImageLoaderAddon",
      "modVersion": "^2.3.0",
      "params": []
    },
    {
      "modName": "ModdedClothesAddon",
      "addonName": "ModdedClothesAddon",
      "modVersion": "^1.1.0",
      "params": {
        "clothes": [
          {
            "key": "head",
            "filePath": "img/addon-clothes/clothes_head.json"
          }
        ]
      }
    }
  ],
  "dependenceInfo": [
    {
      "modName": "ModLoader",
      "version": "^1.2.2"
    },
    {
      "modName": "TweeReplacer",
      "version": "^1.0.0"
    },
    {
      "modName": "ReplacePatcher",
      "version": "^1.0.0"
    }
  ]
}